what,kind,bundleId,bundleVersion,description,time
activated,editor,org.eclipse.jdt.ui,3.6.2.r362_v20110203,"org.eclipse.jdt.ui.CompilationUnitEditor",1371021673333
executed,command,org.eclipse.ui,3.6.2.M20110203-1100,"org.eclipse.ui.file.save",1371021691861
deactivated,workbench,org.eclipse.ui.workbench,3.6.2.M20110210-1200,"",1371021707598
activated,workbench,org.eclipse.ui.workbench,3.6.2.M20110210-1200,"",1371021708006
executed,command,org.eclipse.ui,3.6.2.M20110203-1100,"org.eclipse.ui.file.save",1371021712280
activated,view,org.eclipse.jdt.ui,3.6.2.r362_v20110203,"org.eclipse.jdt.ui.PackageExplorer",1371021720686
activated,editor,org.eclipse.jdt.ui,3.6.2.r362_v20110203,"org.eclipse.jdt.ui.CompilationUnitEditor",1371021722428
deactivated,workbench,org.eclipse.ui.workbench,3.6.2.M20110210-1200,"",1371021766921
activated,workbench,org.eclipse.ui.workbench,3.6.2.M20110210-1200,"",1371021767622
deactivated,workbench,org.eclipse.ui.workbench,3.6.2.M20110210-1200,"",1371021767962
activated,workbench,org.eclipse.ui.workbench,3.6.2.M20110210-1200,"",1371021769394
activated,editor,org.eclipse.jdt.ui,3.6.2.r362_v20110203,"org.eclipse.jdt.ui.CompilationUnitEditor",1371021771083
activated,editor,org.eclipse.jdt.ui,3.6.2.r362_v20110203,"org.eclipse.jdt.ui.CompilationUnitEditor",1371021771646
executed,command,org.eclipse.ui,3.6.2.M20110203-1100,"org.eclipse.ui.file.save",1371021808147
deactivated,workbench,org.eclipse.ui.workbench,3.6.2.M20110210-1200,"",1371021809537
activated,workbench,org.eclipse.ui.workbench,3.6.2.M20110210-1200,"",1371021811313
deactivated,workbench,org.eclipse.ui.workbench,3.6.2.M20110210-1200,"",1371021817022
activated,workbench,org.eclipse.ui.workbench,3.6.2.M20110210-1200,"",1371021817694
deactivated,workbench,org.eclipse.ui.workbench,3.6.2.M20110210-1200,"",1371021817942
activated,workbench,org.eclipse.ui.workbench,3.6.2.M20110210-1200,"",1371021823213
activated,editor,org.eclipse.jdt.ui,3.6.2.r362_v20110203,"org.eclipse.jdt.ui.CompilationUnitEditor",1371021824533
executed,command,org.eclipse.ui,3.6.2.M20110203-1100,"org.eclipse.ui.file.save",1371021827079
activated,editor,org.eclipse.jdt.ui,3.6.2.r362_v20110203,"org.eclipse.jdt.ui.CompilationUnitEditor",1371021827790
activated,editor,org.eclipse.jdt.ui,3.6.2.r362_v20110203,"org.eclipse.jdt.ui.CompilationUnitEditor",1371021828187
deactivated,workbench,org.eclipse.ui.workbench,3.6.2.M20110210-1200,"",1371021829322
activated,workbench,org.eclipse.ui.workbench,3.6.2.M20110210-1200,"",1371021830749
deactivated,workbench,org.eclipse.ui.workbench,3.6.2.M20110210-1200,"",1371021832452
activated,workbench,org.eclipse.ui.workbench,3.6.2.M20110210-1200,"",1371021833761
deactivated,workbench,org.eclipse.ui.workbench,3.6.2.M20110210-1200,"",1371021834757
activated,workbench,org.eclipse.ui.workbench,3.6.2.M20110210-1200,"",1371021836017
deactivated,workbench,org.eclipse.ui.workbench,3.6.2.M20110210-1200,"",1371021836884
activated,workbench,org.eclipse.ui.workbench,3.6.2.M20110210-1200,"",1371021838676
deactivated,workbench,org.eclipse.ui.workbench,3.6.2.M20110210-1200,"",1371021839835
activated,workbench,org.eclipse.ui.workbench,3.6.2.M20110210-1200,"",1371021851137
deactivated,workbench,org.eclipse.ui.workbench,3.6.2.M20110210-1200,"",1371021855948
activated,workbench,org.eclipse.ui.workbench,3.6.2.M20110210-1200,"",1371049945600
deactivated,workbench,org.eclipse.ui.workbench,3.6.2.M20110210-1200,"",1371049971382
activated,workbench,org.eclipse.ui.workbench,3.6.2.M20110210-1200,"",1371049972829
deactivated,workbench,org.eclipse.ui.workbench,3.6.2.M20110210-1200,"",1371049973972
activated,workbench,org.eclipse.ui.workbench,3.6.2.M20110210-1200,"",1371049975357
deactivated,workbench,org.eclipse.ui.workbench,3.6.2.M20110210-1200,"",1371049976803
activated,workbench,org.eclipse.ui.workbench,3.6.2.M20110210-1200,"",1371049990552
deactivated,workbench,org.eclipse.ui.workbench,3.6.2.M20110210-1200,"",1371049995537
activated,workbench,org.eclipse.ui.workbench,3.6.2.M20110210-1200,"",1371049996358
deactivated,workbench,org.eclipse.ui.workbench,3.6.2.M20110210-1200,"",1371049996854
activated,workbench,org.eclipse.ui.workbench,3.6.2.M20110210-1200,"",1371050004153
deactivated,workbench,org.eclipse.ui.workbench,3.6.2.M20110210-1200,"",1371050029359
activated,workbench,org.eclipse.ui.workbench,3.6.2.M20110210-1200,"",1371050030218
deactivated,workbench,org.eclipse.ui.workbench,3.6.2.M20110210-1200,"",1371050030453
activated,workbench,org.eclipse.ui.workbench,3.6.2.M20110210-1200,"",1371050033246
closed,editor,org.eclipse.jdt.ui,3.6.2.r362_v20110203,"org.eclipse.jdt.ui.CompilationUnitEditor",1371050053167
closed,editor,org.eclipse.jdt.ui,3.6.2.r362_v20110203,"org.eclipse.jdt.ui.CompilationUnitEditor",1371050053687
closed,editor,org.eclipse.jdt.ui,3.6.2.r362_v20110203,"org.eclipse.jdt.ui.CompilationUnitEditor",1371050056895
activated,view,org.eclipse.jdt.ui,3.6.2.r362_v20110203,"org.eclipse.jdt.ui.PackageExplorer",1371050059089
opened,editor,org.eclipse.jdt.ui,3.6.2.r362_v20110203,"org.eclipse.jdt.ui.CompilationUnitEditor",1371050060910
activated,editor,org.eclipse.jdt.ui,3.6.2.r362_v20110203,"org.eclipse.jdt.ui.CompilationUnitEditor",1371050060933
activated,view,org.eclipse.jdt.ui,3.6.2.r362_v20110203,"org.eclipse.jdt.ui.PackageExplorer",1371050061414
opened,editor,org.eclipse.jdt.ui,3.6.2.r362_v20110203,"org.eclipse.jdt.ui.CompilationUnitEditor",1371050061571
activated,editor,org.eclipse.jdt.ui,3.6.2.r362_v20110203,"org.eclipse.jdt.ui.CompilationUnitEditor",1371050061593
activated,editor,org.eclipse.jdt.ui,3.6.2.r362_v20110203,"org.eclipse.jdt.ui.CompilationUnitEditor",1371050063316
activated,editor,org.eclipse.jdt.ui,3.6.2.r362_v20110203,"org.eclipse.jdt.ui.CompilationUnitEditor",1371050066617
executed,command,org.eclipse.ui,3.6.2.M20110203-1100,"org.eclipse.ui.edit.delete",1371050077970
executed,command,org.eclipse.ui,3.6.2.M20110203-1100,"org.eclipse.ui.edit.delete",1371050078131
executed,command,org.eclipse.ui,3.6.2.M20110203-1100,"org.eclipse.ui.edit.delete",1371050078278
executed,command,org.eclipse.ui,3.6.2.M20110203-1100,"org.eclipse.ui.edit.delete",1371050078456
executed,command,org.eclipse.ui,3.6.2.M20110203-1100,"org.eclipse.ui.edit.delete",1371050078603
executed,command,org.eclipse.ui,3.6.2.M20110203-1100,"org.eclipse.ui.edit.delete",1371050078761
executed,command,org.eclipse.ui,3.6.2.M20110203-1100,"org.eclipse.ui.edit.delete",1371050078925
executed,command,org.eclipse.ui,3.6.2.M20110203-1100,"org.eclipse.ui.edit.delete",1371050079262
deactivated,workbench,org.eclipse.ui.workbench,3.6.2.M20110210-1200,"",1371050083432
activated,workbench,org.eclipse.ui.workbench,3.6.2.M20110210-1200,"",1371050083526
activated,editor,org.eclipse.jdt.ui,3.6.2.r362_v20110203,"org.eclipse.jdt.ui.CompilationUnitEditor",1371050090040
activated,editor,org.eclipse.jdt.ui,3.6.2.r362_v20110203,"org.eclipse.jdt.ui.CompilationUnitEditor",1371050095852
deactivated,workbench,org.eclipse.ui.workbench,3.6.2.M20110210-1200,"",1371050096487
activated,workbench,org.eclipse.ui.workbench,3.6.2.M20110210-1200,"",1371050097217
deactivated,workbench,org.eclipse.ui.workbench,3.6.2.M20110210-1200,"",1371050097533
activated,workbench,org.eclipse.ui.workbench,3.6.2.M20110210-1200,"",1371050120709
activated,view,org.eclipse.ui.console,3.5.0.v20100526,"org.eclipse.ui.console.ConsoleView",1371050121832
activated,editor,org.eclipse.jdt.ui,3.6.2.r362_v20110203,"org.eclipse.jdt.ui.CompilationUnitEditor",1371050125994
executed,command,org.eclipse.ui,3.6.2.M20110203-1100,"org.eclipse.ui.file.save",1371050148890
activated,editor,org.eclipse.jdt.ui,3.6.2.r362_v20110203,"org.eclipse.jdt.ui.CompilationUnitEditor",1371050150347
deactivated,workbench,org.eclipse.ui.workbench,3.6.2.M20110210-1200,"",1371050151249
activated,workbench,org.eclipse.ui.workbench,3.6.2.M20110210-1200,"",1371050173606
activated,view,org.eclipse.ui.console,3.5.0.v20100526,"org.eclipse.ui.console.ConsoleView",1371050175063
activated,editor,org.eclipse.jdt.ui,3.6.2.r362_v20110203,"org.eclipse.jdt.ui.CompilationUnitEditor",1371050176493
executed,command,org.eclipse.ui,3.6.2.M20110203-1100,"org.eclipse.ui.file.save",1371050188168
deactivated,workbench,org.eclipse.ui.workbench,3.6.2.M20110210-1200,"",1371050189448
activated,workbench,org.eclipse.ui.workbench,3.6.2.M20110210-1200,"",1371050199708
deactivated,workbench,org.eclipse.ui.workbench,3.6.2.M20110210-1200,"",1371050202661
activated,workbench,org.eclipse.ui.workbench,3.6.2.M20110210-1200,"",1371050348660
activated,editor,org.eclipse.jdt.ui,3.6.2.r362_v20110203,"org.eclipse.jdt.ui.CompilationUnitEditor",1371050351764
activated,view,org.eclipse.jdt.ui,3.6.2.r362_v20110203,"org.eclipse.jdt.ui.PackageExplorer",1371050443773
opened,editor,org.eclipse.jdt.ui,3.6.2.r362_v20110203,"org.eclipse.jdt.ui.CompilationUnitEditor",1371050444007
activated,editor,org.eclipse.jdt.ui,3.6.2.r362_v20110203,"org.eclipse.jdt.ui.CompilationUnitEditor",1371050444023
activated,editor,org.eclipse.jdt.ui,3.6.2.r362_v20110203,"org.eclipse.jdt.ui.CompilationUnitEditor",1371050495784
activated,editor,org.eclipse.jdt.ui,3.6.2.r362_v20110203,"org.eclipse.jdt.ui.CompilationUnitEditor",1371050497000
activated,editor,org.eclipse.jdt.ui,3.6.2.r362_v20110203,"org.eclipse.jdt.ui.CompilationUnitEditor",1371050497812
closed,editor,org.eclipse.jdt.ui,3.6.2.r362_v20110203,"org.eclipse.jdt.ui.CompilationUnitEditor",1371050497812
deactivated,workbench,org.eclipse.ui.workbench,3.6.2.M20110210-1200,"",1371050507328
activated,workbench,org.eclipse.ui.workbench,3.6.2.M20110210-1200,"",1371050568393
activated,view,org.eclipse.jdt.ui,3.6.2.r362_v20110203,"org.eclipse.jdt.ui.PackageExplorer",1371050570299
opened,editor,org.eclipse.jdt.ui,3.6.2.r362_v20110203,"org.eclipse.jdt.ui.CompilationUnitEditor",1371050597175
activated,editor,org.eclipse.jdt.ui,3.6.2.r362_v20110203,"org.eclipse.jdt.ui.CompilationUnitEditor",1371050597199
activated,editor,org.eclipse.jdt.ui,3.6.2.r362_v20110203,"org.eclipse.jdt.ui.CompilationUnitEditor",1371050621666
closed,editor,org.eclipse.jdt.ui,3.6.2.r362_v20110203,"org.eclipse.jdt.ui.CompilationUnitEditor",1371050621666
activated,editor,org.eclipse.jdt.ui,3.6.2.r362_v20110203,"org.eclipse.jdt.ui.CompilationUnitEditor",1371050637787
activated,view,org.eclipse.ui.console,3.5.0.v20100526,"org.eclipse.ui.console.ConsoleView",1371050645993
activated,editor,org.eclipse.jdt.ui,3.6.2.r362_v20110203,"org.eclipse.jdt.ui.CompilationUnitEditor",1371050647261
deactivated,workbench,org.eclipse.ui.workbench,3.6.2.M20110210-1200,"",1371050653127
activated,workbench,org.eclipse.ui.workbench,3.6.2.M20110210-1200,"",1371050654153
deactivated,workbench,org.eclipse.ui.workbench,3.6.2.M20110210-1200,"",1371050654512
activated,workbench,org.eclipse.ui.workbench,3.6.2.M20110210-1200,"",1371050851366
activated,editor,org.eclipse.jdt.ui,3.6.2.r362_v20110203,"org.eclipse.jdt.ui.CompilationUnitEditor",1371050861425
activated,editor,org.eclipse.jdt.ui,3.6.2.r362_v20110203,"org.eclipse.jdt.ui.CompilationUnitEditor",1371050863384
deactivated,workbench,org.eclipse.ui.workbench,3.6.2.M20110210-1200,"",1371050865512
activated,workbench,org.eclipse.ui.workbench,3.6.2.M20110210-1200,"",1371051010315
deactivated,workbench,org.eclipse.ui.workbench,3.6.2.M20110210-1200,"",1371051012420
activated,workbench,org.eclipse.ui.workbench,3.6.2.M20110210-1200,"",1371051082736
deactivated,workbench,org.eclipse.ui.workbench,3.6.2.M20110210-1200,"",1371051091013
activated,workbench,org.eclipse.ui.workbench,3.6.2.M20110210-1200,"",1371051127118
activated,editor,org.eclipse.jdt.ui,3.6.2.r362_v20110203,"org.eclipse.jdt.ui.CompilationUnitEditor",1371051130264
executed,command,org.eclipse.ui,3.6.2.M20110203-1100,"org.eclipse.ui.file.save",1371051226446
executed,command,org.eclipse.ui,3.6.2.M20110203-1100,"org.eclipse.ui.edit.delete",1371051310336
deactivated,workbench,org.eclipse.ui.workbench,3.6.2.M20110210-1200,"",1371051315236
activated,workbench,org.eclipse.ui.workbench,3.6.2.M20110210-1200,"",1371051316113
deactivated,workbench,org.eclipse.ui.workbench,3.6.2.M20110210-1200,"",1371051317727
activated,workbench,org.eclipse.ui.workbench,3.6.2.M20110210-1200,"",1371051322711
activated,editor,org.eclipse.jdt.ui,3.6.2.r362_v20110203,"org.eclipse.jdt.ui.CompilationUnitEditor",1371051333703
deactivated,workbench,org.eclipse.ui.workbench,3.6.2.M20110210-1200,"",1371051424945
activated,workbench,org.eclipse.ui.workbench,3.6.2.M20110210-1200,"",1371051426785
deactivated,workbench,org.eclipse.ui.workbench,3.6.2.M20110210-1200,"",1371051445592
activated,workbench,org.eclipse.ui.workbench,3.6.2.M20110210-1200,"",1371051448431
executed,command,org.eclipse.ui,3.6.2.M20110203-1100,"org.eclipse.ui.edit.delete",1371051457919
executed,command,org.eclipse.ui,3.6.2.M20110203-1100,"org.eclipse.ui.edit.delete",1371051458239
executed,command,org.eclipse.ui,3.6.2.M20110203-1100,"org.eclipse.ui.edit.delete",1371051458707
executed,command,org.eclipse.ui,3.6.2.M20110203-1100,"org.eclipse.ui.edit.delete",1371051458889
executed,command,org.eclipse.ui,3.6.2.M20110203-1100,"org.eclipse.ui.edit.delete",1371051459234
executed,command,org.eclipse.ui,3.6.2.M20110203-1100,"org.eclipse.ui.edit.delete",1371051459430
executed,command,org.eclipse.ui,3.6.2.M20110203-1100,"org.eclipse.ui.edit.delete",1371051459714
executed,command,org.eclipse.ui,3.6.2.M20110203-1100,"org.eclipse.ui.edit.delete",1371051459889
executed,command,org.eclipse.ui,3.6.2.M20110203-1100,"org.eclipse.ui.edit.delete",1371051460176
executed,command,org.eclipse.ui,3.6.2.M20110203-1100,"org.eclipse.ui.edit.delete",1371051460367
executed,command,org.eclipse.ui,3.6.2.M20110203-1100,"org.eclipse.ui.edit.delete",1371051460784
executed,command,org.eclipse.ui,3.6.2.M20110203-1100,"org.eclipse.ui.edit.delete",1371051460993
executed,command,org.eclipse.ui,3.6.2.M20110203-1100,"org.eclipse.ui.edit.delete",1371051461334
executed,command,org.eclipse.ui,3.6.2.M20110203-1100,"org.eclipse.ui.edit.delete",1371051461539
executed,command,org.eclipse.ui,3.6.2.M20110203-1100,"org.eclipse.ui.edit.delete",1371051461926
executed,command,org.eclipse.ui,3.6.2.M20110203-1100,"org.eclipse.ui.edit.delete",1371051462119
executed,command,org.eclipse.ui,3.6.2.M20110203-1100,"org.eclipse.ui.edit.delete",1371051462416
executed,command,org.eclipse.ui,3.6.2.M20110203-1100,"org.eclipse.ui.edit.delete",1371051462730
executed,command,org.eclipse.ui,3.6.2.M20110203-1100,"org.eclipse.ui.edit.delete",1371051463862
executed,command,org.eclipse.ui,3.6.2.M20110203-1100,"org.eclipse.ui.edit.delete",1371051464149
executed,command,org.eclipse.ui,3.6.2.M20110203-1100,"org.eclipse.ui.edit.delete",1371051464444
executed,command,org.eclipse.ui,3.6.2.M20110203-1100,"org.eclipse.ui.edit.delete",1371051464708
executed,command,org.eclipse.ui,3.6.2.M20110203-1100,"org.eclipse.ui.edit.delete",1371051464996
executed,command,org.eclipse.ui,3.6.2.M20110203-1100,"org.eclipse.ui.edit.delete",1371051465302
executed,command,org.eclipse.ui,3.6.2.M20110203-1100,"org.eclipse.ui.edit.delete",1371051465590
deactivated,workbench,org.eclipse.ui.workbench,3.6.2.M20110210-1200,"",1371051467461
activated,workbench,org.eclipse.ui.workbench,3.6.2.M20110210-1200,"",1371051468280
deactivated,workbench,org.eclipse.ui.workbench,3.6.2.M20110210-1200,"",1371051468962
activated,workbench,org.eclipse.ui.workbench,3.6.2.M20110210-1200,"",1371051471371
executed,command,org.eclipse.ui,3.6.2.M20110203-1100,"org.eclipse.ui.edit.delete",1371051479680
executed,command,org.eclipse.ui,3.6.2.M20110203-1100,"org.eclipse.ui.edit.delete",1371051480748
executed,command,org.eclipse.ui,3.6.2.M20110203-1100,"org.eclipse.ui.edit.delete",1371051481272
executed,command,org.eclipse.ui,3.6.2.M20110203-1100,"org.eclipse.ui.file.save",1371051550753
deactivated,workbench,org.eclipse.ui.workbench,3.6.2.M20110210-1200,"",1371051552050
activated,workbench,org.eclipse.ui.workbench,3.6.2.M20110210-1200,"",1371051553287
executed,command,org.eclipse.ui,3.6.2.M20110203-1100,"org.eclipse.ui.edit.copy",1371051599951
executed,command,org.eclipse.ui,3.6.2.M20110203-1100,"org.eclipse.ui.edit.paste",1371051601419
activated,editor,org.eclipse.jdt.ui,3.6.2.r362_v20110203,"org.eclipse.jdt.ui.CompilationUnitEditor",1371051648874
activated,editor,org.eclipse.jdt.ui,3.6.2.r362_v20110203,"org.eclipse.jdt.ui.CompilationUnitEditor",1371051654744
deactivated,workbench,org.eclipse.ui.workbench,3.6.2.M20110210-1200,"",1371051666792
activated,workbench,org.eclipse.ui.workbench,3.6.2.M20110210-1200,"",1371051666903
activated,editor,org.eclipse.jdt.ui,3.6.2.r362_v20110203,"org.eclipse.jdt.ui.CompilationUnitEditor",1371051668929
activated,editor,org.eclipse.jdt.ui,3.6.2.r362_v20110203,"org.eclipse.jdt.ui.CompilationUnitEditor",1371051673617
deactivated,workbench,org.eclipse.ui.workbench,3.6.2.M20110210-1200,"",1371051683999
activated,workbench,org.eclipse.ui.workbench,3.6.2.M20110210-1200,"",1371051684099
activated,editor,org.eclipse.jdt.ui,3.6.2.r362_v20110203,"org.eclipse.jdt.ui.CompilationUnitEditor",1371051687080
activated,editor,org.eclipse.jdt.ui,3.6.2.r362_v20110203,"org.eclipse.jdt.ui.CompilationUnitEditor",1371051689919
deactivated,workbench,org.eclipse.ui.workbench,3.6.2.M20110210-1200,"",1371051704460
activated,workbench,org.eclipse.ui.workbench,3.6.2.M20110210-1200,"",1371051705663
deactivated,workbench,org.eclipse.ui.workbench,3.6.2.M20110210-1200,"",1371051705764
activated,workbench,org.eclipse.ui.workbench,3.6.2.M20110210-1200,"",1371051706640
activated,view,org.eclipse.ui.console,3.5.0.v20100526,"org.eclipse.ui.console.ConsoleView",1371051709638
deactivated,workbench,org.eclipse.ui.workbench,3.6.2.M20110210-1200,"",1371051714414
activated,workbench,org.eclipse.ui.workbench,3.6.2.M20110210-1200,"",1371051714518
activated,editor,org.eclipse.jdt.ui,3.6.2.r362_v20110203,"org.eclipse.jdt.ui.CompilationUnitEditor",1371051714534
deactivated,workbench,org.eclipse.ui.workbench,3.6.2.M20110210-1200,"",1371051715486
activated,workbench,org.eclipse.ui.workbench,3.6.2.M20110210-1200,"",1371051716378
deactivated,workbench,org.eclipse.ui.workbench,3.6.2.M20110210-1200,"",1371051716687
activated,workbench,org.eclipse.ui.workbench,3.6.2.M20110210-1200,"",1371051721723
deactivated,workbench,org.eclipse.ui.workbench,3.6.2.M20110210-1200,"",1371051742209
activated,workbench,org.eclipse.ui.workbench,3.6.2.M20110210-1200,"",1371051764036
deactivated,workbench,org.eclipse.ui.workbench,3.6.2.M20110210-1200,"",1371051811271
activated,workbench,org.eclipse.ui.workbench,3.6.2.M20110210-1200,"",1371051812656
closed,workbench,org.eclipse.ui.workbench,3.6.2.M20110210-1200,"",1371051812873
stopped,bundle,org.eclipse.mylyn.ide.ant,3.4.0.v20100608-0100-e3x,"org.eclipse.mylyn.ide.ant",1371051814251
stopped,bundle,org.eclipse.ant.ui,3.5.0.v20100427,"org.eclipse.ant.ui",1371051814341
stopped,bundle,org.eclipse.ant.launching,1.0.1.v20101020_r362,"org.eclipse.ant.launching",1371051814407
stopped,bundle,org.eclipse.compare.win32,1.0.101.R36x_v20101103-0618,"org.eclipse.compare.win32",1371051814670
stopped,bundle,org.eclipse.equinox.p2.ui.sdk,1.0.100.v20100513,"org.eclipse.equinox.p2.ui.sdk",1371051814780
stopped,bundle,org.eclipse.mylyn.java.tasks,3.4.0.v20100608-0100-e3x,"org.eclipse.mylyn.java.tasks",1371051814780
stopped,bundle,org.eclipse.mylyn.java.ui,3.4.0.v20100608-0100-e3x,"org.eclipse.mylyn.java.ui",1371051814780
stopped,bundle,org.eclipse.jdt.junit,3.6.1.r361_v20100825-0800,"org.eclipse.jdt.junit",1371051814780
activated,perspective,org.eclipse.jdt.ui,,"org.eclipse.jdt.ui.JavaPerspective",1371057837360
started,bundle,org.eclipse.osgi,3.6.2.R36x_v20110210,"org.eclipse.osgi",1371057837360
started,bundle,org.eclipse.equinox.simpleconfigurator,1.0.200.v20100503,"org.eclipse.equinox.simpleconfigurator",1371057837361
started,bundle,com.ibm.icu,4.2.1.v20100412,"com.ibm.icu",1371057837362
started,bundle,org.eclipse.compare.core,3.5.101.R36x_v20100929-0800,"org.eclipse.compare.core",1371057837362
started,bundle,org.eclipse.core.contenttype,3.4.100.v20100505-1235,"org.eclipse.core.contenttype",1371057837362
started,bundle,org.eclipse.core.databinding.observable,1.3.0.I20100601-0800,"org.eclipse.core.databinding.observable",1371057837363
started,bundle,org.eclipse.core.expressions,3.4.200.v20100505,"org.eclipse.core.expressions",1371057837364
started,bundle,org.eclipse.core.filebuffers,3.5.100.v20100520-0800,"org.eclipse.core.filebuffers",1371057837364
started,bundle,org.eclipse.core.filesystem,1.3.1.R36x_v20100727-0745,"org.eclipse.core.filesystem",1371057837365
started,bundle,org.eclipse.core.jobs,3.5.1.R36x_v20100824,"org.eclipse.core.jobs",1371057837382
started,bundle,org.eclipse.core.net,1.2.100.I20100511-0800,"org.eclipse.core.net",1371057837383
started,bundle,org.eclipse.core.resources,3.6.1.R36x_v20110131-1630,"org.eclipse.core.resources",1371057837384
started,bundle,org.eclipse.core.runtime,3.6.0.v20100505,"org.eclipse.core.runtime",1371057837385
started,bundle,org.eclipse.core.runtime.compatibility,3.2.100.v20100505,"org.eclipse.core.runtime.compatibility",1371057837385
started,bundle,org.eclipse.core.runtime.compatibility.auth,3.2.200.v20100517,"org.eclipse.core.runtime.compatibility.auth",1371057837385
started,bundle,org.eclipse.core.variables,3.2.400.v20100505,"org.eclipse.core.variables",1371057837386
started,bundle,org.eclipse.debug.core,3.6.0.v20100519,"org.eclipse.debug.core",1371057837386
started,bundle,org.eclipse.epp.usagedata.gathering,1.3.1.R201102081640,"org.eclipse.epp.usagedata.gathering",1371057837387
started,bundle,org.eclipse.epp.usagedata.recording,1.3.1.R201102081640,"org.eclipse.epp.usagedata.recording",1371057837387
started,bundle,org.eclipse.equinox.app,1.3.1.R36x_v20100803,"org.eclipse.equinox.app",1371057837388
started,bundle,org.eclipse.equinox.common,3.6.0.v20100503,"org.eclipse.equinox.common",1371057837406
started,bundle,org.eclipse.equinox.ds,1.2.1.R36x_v20100803,"org.eclipse.equinox.ds",1371057837406
started,bundle,org.eclipse.equinox.event,1.2.0.v20100503,"org.eclipse.equinox.event",1371057837407
started,bundle,org.eclipse.equinox.p2.core,2.0.3.R36x_v20110111,"org.eclipse.equinox.p2.core",1371057837407
started,bundle,org.eclipse.equinox.p2.directorywatcher,1.0.203.R36x_v20101220,"org.eclipse.equinox.p2.directorywatcher",1371057837408
started,bundle,org.eclipse.equinox.p2.engine,2.0.1.R36x_v20110201,"org.eclipse.equinox.p2.engine",1371057837408
started,bundle,org.eclipse.equinox.p2.metadata,2.0.1.R36x_v20101202,"org.eclipse.equinox.p2.metadata",1371057837409
started,bundle,org.eclipse.equinox.p2.metadata.repository,1.1.0.v20100513,"org.eclipse.equinox.p2.metadata.repository",1371057837409
started,bundle,org.eclipse.equinox.p2.operations,2.0.0.v20100510,"org.eclipse.equinox.p2.operations",1371057837410
started,bundle,org.eclipse.equinox.p2.reconciler.dropins,1.1.2.R36x_v20110114,"org.eclipse.equinox.p2.reconciler.dropins",1371057837410
started,bundle,org.eclipse.equinox.p2.repository,2.0.2.R36x_v20110111-1500,"org.eclipse.equinox.p2.repository",1371057837411
started,bundle,org.eclipse.equinox.p2.ui.sdk.scheduler,1.0.0.v20100507-1815,"org.eclipse.equinox.p2.ui.sdk.scheduler",1371057837411
started,bundle,org.eclipse.equinox.p2.updatechecker,1.1.101.R36x_v20100823,"org.eclipse.equinox.p2.updatechecker",1371057837411
started,bundle,org.eclipse.equinox.preferences,3.3.0.v20100503,"org.eclipse.equinox.preferences",1371057837412
started,bundle,org.eclipse.equinox.registry,3.5.0.v20100503,"org.eclipse.equinox.registry",1371057837413
started,bundle,org.eclipse.equinox.security,1.0.200.v20100503,"org.eclipse.equinox.security",1371057837601
started,bundle,org.eclipse.equinox.util,1.0.200.v20100503,"org.eclipse.equinox.util",1371057837602
started,bundle,org.eclipse.help,3.5.0.v20100524,"org.eclipse.help",1371057837662
started,bundle,org.eclipse.jdt.apt.core,3.3.402.R36_v20110120-1000,"org.eclipse.jdt.apt.core",1371057837663
started,bundle,org.eclipse.jdt.apt.pluggable.core,1.0.301.R36_v20100727-0110,"org.eclipse.jdt.apt.pluggable.core",1371057837663
started,bundle,org.eclipse.jdt.core,3.6.2.v_A76_R36x,"org.eclipse.jdt.core",1371057837664
started,bundle,org.eclipse.jdt.core.manipulation,1.3.0.v20100520-0800,"org.eclipse.jdt.core.manipulation",1371057837664
started,bundle,org.eclipse.jdt.launching,3.5.200.v20110105_r362,"org.eclipse.jdt.launching",1371057837665
started,bundle,org.eclipse.jdt.ui,3.6.2.r362_v20110203,"org.eclipse.jdt.ui",1371057837665
started,bundle,org.eclipse.jface,3.6.2.M20110210-1200,"org.eclipse.jface",1371057837694
started,bundle,org.eclipse.jsch.core,1.1.200.I20100505-1245,"org.eclipse.jsch.core",1371057837695
started,bundle,org.eclipse.ltk.core.refactoring,3.5.101.r362_v20101117-0800,"org.eclipse.ltk.core.refactoring",1371057837695
started,bundle,org.eclipse.ltk.ui.refactoring,3.5.0.v20100526-0800,"org.eclipse.ltk.ui.refactoring",1371057837812
started,bundle,org.eclipse.mylyn.commons.net,3.4.1.v20100625-2100-e3x,"org.eclipse.mylyn.commons.net",1371057837812
started,bundle,org.eclipse.mylyn.monitor.ui,3.4.1.v20110131-0100-e3x,"org.eclipse.mylyn.monitor.ui",1371057837813
started,bundle,org.eclipse.team.core,3.5.101.R36x_v20110203-1036,"org.eclipse.team.core",1371057837813
started,bundle,org.eclipse.team.cvs.core,3.3.301.R36x_v20110119-0815,"org.eclipse.team.cvs.core",1371057837814
started,bundle,org.eclipse.team.cvs.ui,3.3.302.R36x_v20110203-1036,"org.eclipse.team.cvs.ui",1371057837823
started,bundle,org.eclipse.team.ui,3.5.102.R36x_v20110203-1036,"org.eclipse.team.ui",1371057837921
started,bundle,org.eclipse.ui,3.6.2.M20110203-1100,"org.eclipse.ui",1371057837929
started,bundle,org.eclipse.ui.console,3.5.0.v20100526,"org.eclipse.ui.console",1371057837930
started,bundle,org.eclipse.ui.editors,3.6.1.r361_v20100825-0800,"org.eclipse.ui.editors",1371057837930
started,bundle,org.eclipse.ui.ide,3.6.2.M20101201-0800,"org.eclipse.ui.ide",1371057837931
started,bundle,org.eclipse.ui.net,1.2.100.I20100505-1245,"org.eclipse.ui.net",1371057837931
started,bundle,org.eclipse.ui.views,3.5.1.M20110202-0800,"org.eclipse.ui.views",1371057837932
started,bundle,org.eclipse.ui.workbench,3.6.2.M20110210-1200,"org.eclipse.ui.workbench",1371057837932
started,bundle,org.eclipse.ui.workbench.texteditor,3.6.1.r361_v20100714-0800,"org.eclipse.ui.workbench.texteditor",1371057837958
os,sysinfo,,,"win32",1371057837961
arch,sysinfo,,,"x86",1371057837961
ws,sysinfo,,,"win32",1371057837961
locale,sysinfo,,,"en_US",1371057837961
processors,sysinfo,,,"4",1371057837961
java.runtime.name,sysinfo,,,"Java(TM) SE Runtime Environment",1371057837961
java.runtime.version,sysinfo,,,"1.7.0_17-b02",1371057837961
java.specification.name,sysinfo,,,"Java Platform API Specification",1371057837961
java.specification.vendor,sysinfo,,,"Oracle Corporation",1371057837961
java.specification.version,sysinfo,,,"1.7",1371057837961
java.vendor,sysinfo,,,"Oracle Corporation",1371057837961
java.version,sysinfo,,,"1.7.0_17",1371057837961
